{
  "model": "dnn_post_smote",
  "smote_used": true,
  "precision": 0.7628865979381443,
  "recall": 0.7789473684210526,
  "f1": 0.7708333333333334,
  "roc_auc": 0.9486740142088819,
  "pr_auc": 0.7995009871140342,
  "support_pos": 95,
  "hyperparameters": "None",
  "inference_latency_ms": 0.03246510154464098,
  "run_timestamp": "2026-06-15T15:44:40.310046"
}