{
  "model": "dnn_post_smote",
  "smote_used": true,
  "precision": 0.7623762376237624,
  "recall": 0.8105263157894737,
  "f1": 0.7857142857142857,
  "roc_auc": 0.9443486388032356,
  "pr_auc": 0.8116132455597761,
  "support_pos": 95,
  "hyperparameters": "None",
  "inference_latency_ms": 0.03860193678159085,
  "run_timestamp": "2026-06-18T20:15:23.918152"
}