{
  "model": "xgboost_pre_smote",
  "smote_used": false,
  "precision": 0.9605263157894737,
  "recall": 0.7684210526315789,
  "f1": 0.8538011695906432,
  "roc_auc": 0.9749537565648955,
  "pr_auc": 0.820156578981929,
  "support_pos": 95,
  "hyperparameters": "None",
  "inference_latency_ms": 0.002470442680117149,
  "run_timestamp": "2026-06-18T20:08:45.717942"
}