Time,V1,V2,V3,V4,V5,V6,V7,V8,V9,V10,V11,V12,V13,V14,V15,V16,V17,V18,V19,V20,V21,V22,V23,V24,V25,V26,V27,V28,Amount,Actual,Predicted,Probability
-0.40419011247421005,-2.190868445655433,1.7063675540538674,-2.4553216799067448,2.6852075439365595,-2.631741840643584,-1.0590298736036605,-4.075263792065791,1.4403208403804924,-2.4941133901312393,-5.236472446504716,3.066922853149857,-7.159219388998468,0.12462525201931328,-7.4485042480464685,0.41566348667350705,-8.319449887097425,-14.385536910317168,-5.7440911716945005,3.1367672306923478,0.5118283617338765,1.3379293789802482,-0.058674513349886354,-0.4062135399369592,0.4829124428954814,0.18887501265608317,-0.6902992096906405,1.4705771092825164,2.5993852784187648,1.217017738359202,0,1,0.9999982
1.5013816321921805,-18.257982852523526,-19.304486453911842,-32.06314767849944,10.802170080383888,-83.6605832819904,55.390439865752775,100.47508849776523,-23.386824066579525,-3.5368878077342902,-11.184495731727223,6.72826919885288,-9.260179586364945,7.170467591247083,-7.119780574631857,9.709035966308399,19.817502744236847,-8.507960878551504,-2.353065555476733,6.761050003066595,-71.75481359185619,-29.935841754805907,7.8858508491271575,-2.526563776077241,7.567510591258926,8.731138148240332,7.09480601455035,80.93273362325937,-47.371034778540505,355.7245011086474,0,1,0.95539665
1.2971410324538686,0.028231904974299487,0.8892407610628157,0.24997805055925765,2.00251726743059,1.1926580064525463,-0.12299470015845695,1.2917897843644552,-0.3529447825477767,-1.5834524475697507,1.0394777802005883,-0.8928449203738896,-0.07652006456385738,0.47651427278958036,-0.12613132756205916,-1.9746218880490956,0.09145979334624915,-0.7379280900393559,-1.1799384244809226,-2.081276321539509,-0.23162882912034252,0.05707727858551613,0.38304318560795786,-0.19681734964927206,1.785217461259393,-0.10222857908187517,-0.3118408023793729,-0.8093641174925266,-0.667651238820801,-0.30598669623059865,0,1,0.70695627
