{
  "model": "xgboost_post_smote",
  "smote_used": true,
  "precision": 0.8539325842696629,
  "recall": 0.8,
  "f1": 0.8260869565217391,
  "roc_auc": 0.9674762093668621,
  "pr_auc": 0.814058357781024,
  "support_pos": 95,
  "hyperparameters": "None",
  "inference_latency_ms": 0.0035369610066300103,
  "run_timestamp": "2026-06-18T20:12:59.886705"
}